x,y,time,diff
0,0.051590880588060495,1677161872325,1
2,1.9809868274900828,1677161872325,1
1,0.9080968756361555,1677161872325,1
3,3.093559998984034,1677161873327,1
4,4.016676407891007,1677161874329,1
5,5.000937371163478,1677161875329,1
6,5.927949156993336,1677161876325,1
7,7.023673799335066,1677161877329,1
8,8.097451840206602,1677161878327,1
9,8.962029513863866,1677161879325,1
